checkpoint_step,validation_bpb
00000,3.216673
00250,1.266666
00500,1.184502
00750,1.155629
01000,1.126632
01250,1.099192
01500,1.071390
01750,1.047934
02000,1.030502
